<?xml version="1.0" encoding="UTF-8"?>
<project-private xmlns="http://www.netbeans.org/ns/project-private/1">
    <editor-bookmarks xmlns="http://www.netbeans.org/ns/editor-bookmarks/2" lastBookmarkId="0"/>
    <open-files xmlns="http://www.netbeans.org/ns/projectui-open-files/2">
        <group>
            <file>file:/C:/Users/sergioandres/Documents/NetBeansProjects/CRUDAsignaturas/src/java/controllers/Asignatura/EditController.java</file>
            <file>file:/C:/Users/sergioandres/Documents/NetBeansProjects/CRUDAsignaturas/web/WEB-INF/dispatcher-servlet.xml</file>
            <file>file:/C:/Users/sergioandres/Documents/NetBeansProjects/CRUDAsignaturas/src/java/controllers/Asignatura/DeleteController.java</file>
            <file>file:/C:/Users/sergioandres/Documents/NetBeansProjects/CRUDAsignaturas/src/java/Models/Asignatura.java</file>
            <file>file:/C:/Users/sergioandres/Documents/NetBeansProjects/CRUDAsignaturas/web/WEB-INF/jsp/Asignatura/edit.jsp</file>
            <file>file:/C:/Users/sergioandres/Documents/NetBeansProjects/CRUDAsignaturas/src/java/controllers/Asignatura/AddController.java</file>
            <file>file:/C:/Users/sergioandres/Documents/NetBeansProjects/CRUDAsignaturas/src/java/Models/Conexion.java</file>
            <file>file:/C:/Users/sergioandres/Documents/NetBeansProjects/CRUDAsignaturas/web/WEB-INF/jsp/Asignatura/list.jsp</file>
            <file>file:/C:/Users/sergioandres/Documents/NetBeansProjects/CRUDAsignaturas/web/WEB-INF/jsp/Asignatura/add.jsp</file>
            <file>file:/C:/Users/sergioandres/Documents/NetBeansProjects/CRUDAsignaturas/src/java/controllers/Asignatura/ListController.java</file>
        </group>
    </open-files>
</project-private>
